-- phpMyAdmin SQL Dump
-- version 5.2.1
-- https://www.phpmyadmin.net/
--
-- Host: 127.0.0.1
-- Generation Time: Feb 03, 2025 at 06:54 AM
-- Server version: 10.4.32-MariaDB
-- PHP Version: 8.2.12

SET SQL_MODE = "NO_AUTO_VALUE_ON_ZERO";
START TRANSACTION;
SET time_zone = "+00:00";


/*!40101 SET @OLD_CHARACTER_SET_CLIENT=@@CHARACTER_SET_CLIENT */;
/*!40101 SET @OLD_CHARACTER_SET_RESULTS=@@CHARACTER_SET_RESULTS */;
/*!40101 SET @OLD_COLLATION_CONNECTION=@@COLLATION_CONNECTION */;
/*!40101 SET NAMES utf8mb4 */;

--
-- Database: `resepqu`
--

-- --------------------------------------------------------

--
-- Table structure for table `kategori`
--

CREATE TABLE `kategori` (
  `id` int(11) NOT NULL,
  `nama_kategori` varchar(50) NOT NULL
) ENGINE=InnoDB DEFAULT CHARSET=utf8mb4 COLLATE=utf8mb4_general_ci;

--
-- Dumping data for table `kategori`
--

INSERT INTO `kategori` (`id`, `nama_kategori`) VALUES
(3, 'Ayam'),
(2, 'Daging'),
(6, 'Sambal'),
(1, 'Sayuran'),
(4, 'Seafood'),
(5, 'Tradisional');

-- --------------------------------------------------------

--
-- Table structure for table `langkah`
--

CREATE TABLE `langkah` (
  `id` int(11) NOT NULL,
  `id_resep` int(11) DEFAULT NULL,
  `deskripsi` text NOT NULL
) ENGINE=InnoDB DEFAULT CHARSET=utf8mb4 COLLATE=utf8mb4_general_ci;

--
-- Dumping data for table `langkah`
--

INSERT INTO `langkah` (`id`, `id_resep`, `deskripsi`) VALUES
(2, 8, 'Siapkan wajan, masukkan potongan daging ayam, bumbu halus beserta air. Tambahkan daun jeruk, serai, dan daun salam./\r\nMasak hingga mendidih. Tambahkan Kaldu Ayam dan lengkuas./\r\nMasak sambil sesekali dibalikkan hingga daging ayam empuk dan airnya menyusut. Angkat./\r\nPisahkan bumbu lengkuas atau serundeng lengkuas dari daging ayam. Tiriskan dan sisihkan./\r\nPanaskan minyak banyak di dalam wajan di atas api sedang. Goreng ayam hingga matang. Angkat kemudian tiriskan./\r\nAduk rata bumbu lengkuas bersama tepung terigu. Dengan minyak yang sama, goreng bumbu lengkuas hingga garing dan kecokelatan. Angkat./\r\nSajikan ayam goreng dengan taburan lengkuas./\r\nTata ayam di atas piring saji. Taburi dengan lengkuas yang telah digoreng.\r\n'),
(3, 9, 'Panaskan minyak, tumis bumbu halus, serai, daun jeruk, dan daun salam hingga harum. Angkat dan sisihkan./\r\nPanaskan air, masukkan ayam dan tumisan bumbu. Aduk rata, masak hingga ayam lembut./\r\nMasukkan gula, garam, Kecap Manis, dan santan. Aduk rata, masak hingga mendidih./\r\nAngkat dan sajikan.'),
(4, 10, 'Panaskan minyak, goreng potongan daging ayam hingga setengah matang. Angkat, tiriskan./\r\nPanaskan 2 sdm minyak, tumis bumbu halus hingga harum. Masukkan daging ayam, serai, daun jeruk, lengkuas, gula merah, jahe, air jeruk nipis, Kaldu Ayam, dan Kecap Manis Pedas./\r\nTambahkan air. Masak hingga airnya terserap dan daging ayam matang./\r\nAngkat ayam rica-rica pedas dan tata ke dalam piring. Sajikan hangat.'),
(5, 11, 'Lumuri daging ayam dengan Royco Kaldu Ayam dan jeruk nipis sambil diremas hingga merata. Sisihkan./\r\nSambal cabe ijo: Panaskan minyak, masukkan cabai rawit, bawang merah, dan bawang putih, masak hingga matang. Angkat. Pindahkan ke atas cobek, tambahkan Royco Kaldu Ayam. Uleg hingga hancur dan tercampur rata. Sisihkan./\r\nPanaskan minyak, goreng potongan daging ayam hingga matang dan permukaannya garing. Angkat dan tiriskan./\r\nAduk rata bersama sambal cabe ijo. Sajikan bersama sayuran pelengkap.'),
(6, 12, 'Rebus daging ayam hingga matang. Angkat. Keluarkan daging ayam, sisihkan 100 ml kaldu sisa merebus. Suwir-suwir daging ayam, lalu sisihkan./\r\nPanaskan minyak, tumis bumbu halus, daun salam, serai, dan lengkuas hingga harum/.\r\nMasukkan daging ayam suwir, aduk rata. Tuang santan dan kaldu ayam, aduk rata dan masak selama beberapa menit./\r\nKecilkan api, tambahkan Royco Kaldu Ayam, aduk. Masak hingga meresap atau hingga airnya menyusut hampir habis./\r\nTambahkan daun kemangi, aduk hingga layu. Angkat dan sajikan.'),
(7, 13, 'Dalam sebuah wadah, masukkan tepung, garam dan merica. Aduk rata. Lumuri fillet daging ayam dengan tepung./\r\nPanaskan minyak dalam wajan dengan api sedang. Goreng ayam hingga matang. Sisihkan./\r\nPanaskan minyak dalam wajan dengan api sedang. Masukkan bawang bombay dan cabai rawit. Tumis hingga layu./\r\nMasukkan air, saus teriyaki, Bango Kecap Manis, dan garam. Aduk rata./\r\nMasukkan fillet daging ayam yang telah digoreng. Aduk rata hingga matang./\r\nAngkat dan sajikan selagi hangat.'),
(8, 14, 'Didihkan 1,5 L air hingga mendidih. Masukkan daging, masak selama 2-3 menit. Angkat dan tiriskan. Buang airnya./ \r\nRebus kembali daging bersama sisa air hingga mendidih. Kecilkan api. Sisihkan./ Panaskan minyak, tumis bawang merah dan bawang bombay hingga layu. Masukkan bumbu halus dan sisa semua bahan bumbu tumis. Tumis hingga harum. Angkat. Masukkan ke dalam air merebus daging, aduk rata. Masak hingga daging hampir empuk./ Masukkan kentang , wortel, seledri, dan Royco Kaldu Sapi, aduk. Masak hingga setengah matang./ \r\nTambahkan daun bawang, aduk. Masak hingga semua bahan matang. Angkat dan sajikan.'),
(9, 15, 'Panaskan minyak, tumis bumbu halus, pala, jintan, dan daun salam hingga harum dan matang./ \r\nMasukkan daging, tumis hingga kaku/ Tuang air, garam, Royco Kaldu Sapi dan Bango Kecap Manis. Masak hingga mendidih. Tutup panci. Kecilkan api. Masak hingga daging setengah empuk./ \r\nMasukkan kentang. Tutup kembali panci. Masak hingga daging empuk./ Masukkan tomat, aduk hingga tomat layu. Angkat. Sajikan.'),
(10, 16, 'Dalam mangkuk, campur nanas parut dan daging kambing. Aduk rata, diamkan sekitar 10 menit./ Angkat daging kambing, tusukkan daging ke tusuk sate./ Lumuri dengan bumbu perendam dan Bango Kecap Manis. Panggang di wajan hingga matang. Angkat dan sisihkan./ \r\nSambal kecap: Campur semua bahan, aduk rata./ \r\nSajikan sate dengan sambal Bango Kecap Manis.'),
(11, 17, 'Campur daging sapi giling, es batu, telur dan bumbu. Haluskan menggunakan food processor./ \r\nTambahkan tepung kanji sedikit-sedikit sambil diaduk rata. Tuang adonan ke dalam wadah./ Ambil satu sendok makan adonan, bentuk bulat dan masukkan bakso ke dalam air yang dipanaskan di atas api kecil./ Biarkan hingga terapung (tandanya bakso sudah matang). Angkat, tiriskan. Lakukan hal yang sama hingga adonan habis./ Cara membuat kuah bakso: Masukkan Royco Kaldu Sapi, garam, dan semua bumbu kuah, bahan kuah bakso masak dan rebus bersama balungan kaki sapi. Rebus agak lama hingga menjadi kaldu./ Siapkan rebusan bihun di dalam mangkok. Tambahkan seledri, bawang goreng, bakso, serta kuahnya./ Hidangkan beserta saus tomat, sambal dan jangan lupa Bango Kecap Manis yang membuat bakso menjadi enak dan mantap.'),
(12, 18, 'Pukul-pukul daging atau tusukkan dengan garpu untuk merusak seratnya. Lumuri daging sapi dengan garam dan merica hitam bubuk. Sisihkan./ Saus: Panaskan minyak, tumis bawang bombay dan bawang putih hingga harum. Masukkan sisa semua bahan termasuk Royco Saus Tiram, aduk hingga mendidih. Angkat. Sisihkan. Lumuri setiap potongan daging dengan tepung terigu, balur ke dalam telur, lapisi kembali dengan tepung panko hingga merata./ Diamkan selama 1 jam dalam kulkas supaya telur dapat mengikat kedua lapisan tepung./ Panaskan minyak, goreng daging selama 5-6 menit atau hingga matang. Angkat. Potong 5-6 bagian./ Siapkan piring saji yang sudah diberi sayuran pelengkap. Tata beef katsu di sebelahnya. Sajikan bersama sausnya.'),
(13, 19, 'Rebus iga dalam panci presto bersama daun salam, lengkuas, dan cengkih hingga empuk. Bila tidak menggunakan panci presto, rebus iga bersama 3 liter air hingga mendidih, kemudian kecilkan api dan tutup panci. Masak hingga empuk. Angkat dan sisihkan daging iga./ \r\nPanaskan minyak, tumis bumbu halus, dan daun jeruk hingga harum./ Masukkan iga sapi, aduk hingga rata. Tambahkan Bango Kecap Manis, Royco Saus Tiram, dan 250 ml air kaldu sisa merebus iga./ \r\nTutup wajan dan kecilkan api. Masak hingga bumbu meresap. Angkat. Diamkan selama 1 jam atau lebih agar bumbu lebih meresap ke dalam iga./ \r\nPanaskan grill pan sambil diolesi dengan margarin. Masak iga sambil diolesi sisa bumbu tumis dan margarin hingga merata dan permukaannya sedikit mengering. Angkat./ \r\nSajikan bersama lalapan sayuran dan sambal.'),
(14, 20, 'Panaskan minyak, tumis bumbu halus bersama daun salam dan lengkuas hingga harum./\r\nTuang air, aduk rata. Masukkan labu siam dan tempe. Masak hingga setengah matang./\r\nMasukkan kacang panjang, cabai hijau, gula merah, dan Royco Kaldu Ayam./\r\nMasak hingga semua bahan matang. Angkat dan sajikan./'),
(15, 21, 'Panaskan minyak, tumis bumbu hingga harum. Masukkan udang dan cumi, aduk. Masak hingga setengah matang./\r\nMasukkan Saus Tiram dan kangkung, aduk rata./\r\nMasak hingga kangkung matang./\r\nAngkat dan sajikan.'),
(16, 22, 'Rebus daging sapi bersama daun salam dan lengkuas hingga mendidih. Kecilkan api, tambahkan bumbu halus, masak hingga setengah empuk./\r\nMasukkan nangka, jagung, dan melinjo. Masak selama 3-5 menit./\r\nTambahkan terong, air asam jawa, gula merah, dan Royco Kaldu Sapi, masak hingga terong hampir setengah empuk./\r\nMasukkan kacang panjang, masak hingga setengah matang. Tambahkan daun melinjo, masak hingga layu. Angkat dan sajikan.'),
(17, 23, 'Panaskan wajan dan minyak. Tumis bawang bombay dan bawang putih hingga harum. Kemudian, masukkan potongan bakso sapi dan aduk rata./\r\nMasukkan wortel, masak sebentar. Masukkan brokoli, aduk sebentar./\r\nMasukkan semua sayuran, bumbu, Royco Saus Tiram, Royco Kaldu Ayam, dan air. Masak hingga matang./\r\nTambahkan larutan tepung jagung dan minyak wijen, kemudian aduk sampai rata. Masak hingga kuah mengental dan angkat./\r\nSajikan capcay sayuran selagi hangat.'),
(18, 24, 'Panaskan minyak, tumis bawang putih hingga harum./\r\nTambahkan jamur, aduk hingga layu./\r\nMasukkan Royco Saus Tiram, aduk rata./\r\nMasukkan pakcoy, aduk hingga matang dan layu. Angkat. Sajikan.'),
(19, 25, 'Panaskan minyak, goreng tahu hingga matang. Angkat dan tiriskan. Sisihkan./\r\nPanaskan 2 sdm minyak, tumis bawang putih, dan cabai hingga harum./\r\nMasukkan wortel, aduk rata. Tambahkan Royco Saus Tiram, aduk rata./\r\nMasukkan tahu dan garam, aduk rata./\r\nTambahkan taoge dan garam, aduk hingga taoge matang. Angkat dan sajikan.'),
(20, 26, 'Lumuri daging ikan kembung dengan air jeruk nipis selama 15 menit./\r\nKeruk daging ikan tanpa merobek kulitnya, buang durinya. Campur kerukan ikan kembung dengan kelapa parut, Royco Kaldu Ayam, garam, gula pasir, telur, dan bumbu halus. Aduk rata. Masukan lagi ke dalam kulit ikan kembung/\r\nKukus 30 menit dengan api kecil sampai matang. Dinginkan./\r\nCelup ikan isi satu per satu ke dalam kocokan telur./\r\nGoreng dengan minyak yang dipanaskan dengan api sedang sampai matang.\r\n\r\n'),
(21, 27, 'Bersihkan ikan, lumuri dengan perasan jeruk nipis dan garam. Diamkan 15 menit./\r\nPanaskan minyak, tumis bumbu halus hingga harum./\r\nMasukkan lengkuas, serai, daun jeruk, Kaldu Ayam, dan air. Aduk rata./\r\nTambahkan belimbing sayur dan ikan, aduk rata./\r\nMasukkan Bango Kecap Manis, aduk rata./\r\nMasak hingga matang. Angkat dan sajikan.'),
(22, 28, 'Potong ikan patin menjadi 4 bagian, cuci bersih. Cuci hingga tidak berlendir./\r\nLumuri dengan jeruk nipis Dan biarkan Selama 10 menit. Cuci bersih./\r\nLumuri ikan dengan bawang putih, ketumbar, Dan garam. Diamkan Selama 10 menit./\r\nPanaskan minyak, goreng ikan patin hingga matang dan permukaannya garing./\r\nSambal balado: Haluskan cabai merah dan cabai rawit bersama bawang putih. Sisihkan./\r\nPanaskan minyak, tumis bawang merah hingga harum. Masukkan cabai giling dan daun jeruk. Tumis hingga matang./\r\nTambahkan Royco Kaldu Ayam, aduk rata. Masukkan ikan patin goreng, aduk rata. Angkat dan sajikan.'),
(23, 29, 'Lumuri ikan dengan air jeruk nipis dan garam. Diamkan selama 15 menit./\r\nPanaskan minyak, goreng ikan di kedua sisinya hingga matang. Hindari menggorengnya terlalu lama supaya tongkol tidak kering dan keras. Angkat, Suwir-suwir. Sisihkan./\r\nPanaskan minyak sisa menggoreng tongkol, lalu masukkan sambal balado hijau, serai, dan daun jeruk hingga harum. Tambahkan Royco Kaldu Jamur, aduk. Masak hingga matang./\r\nMasukkan tongkol, aduk hingga meresap. Angkat. Sajikan.'),
(24, 30, 'Lumuri ikan nila dengan air jeruk nipis dan garam hingga ke bagian dalam rongga perut. Sisihkan./\r\nPanaskan minyak, tumis bumbu halus, lengukas, serai, daun jeruk, dan daun salam hingga harum./\r\nTambahkan cabai rawit, santan, air asam jawa, Kaldu Ayam, dan Kecap Manis Light, aduk hingga meresap. Angkat./\r\nLumuri ikan dengan bumbu yang sudah ditumis hingga ke bagian rongga perut. Diamkan dalam kulkas selama 1 jam./\r\nSiapkan 2-3 tumpuk daun pisang. Letakkan 1 ekor nila beserta bumbu tumis. Tambahkan separuh bagian daun kemangi. Bungkus dan sematkan kedua ujungnya dengan tusuk gigi. Ulangi proses serupa pada sisa ikan nila./\r\nKukus ikan nila hingga matang. Angkat dan sajikan.'),
(25, 31, 'Panaskan margarin, tumis bumbu halus hingga harum. Masukkan cumi, aduk hingga berubah warna./\r\nMasukkan cabai merah, Royco Saus Tiram, saus tomat, Bango Kecap Manis, dan garam, aduk rata./\r\nTambahkan bawang bombay, aduk. Tuang larutan maizena, aduk hingga mengental dan matang. Angkat./\r\nSajikan.'),
(26, 32, 'Rebus nangka muda dengan air kelapa hingga lunak. Angkat dan tiriskan./\r\nMasukkan nangka muda dan telur ke dalam panci. Tuang air, 60 ml santan instan, Kecap Manis, bumbu halus, daun salam, dan lengkuas. Masak di atas api sedang hingga bumbu meresap dan airnya menyusut./\r\nTambahkan sisa santan, aduk perlahan. Masak di atas api kecil hingga meresap Angkat. Sajikan bersama lauk pelengkap.'),
(27, 33, 'ceclimpungan: Aduk rata ikan tenggiri, telur, air, garam, dan Kaldu Ayam. Masukkan tepung tapioka, aduk rata./\r\nBulatkan adonan membentuk bola pingpong. Lakukan hingga adonan habis./\r\nSiapkan air rebusan. Masukkan adonan celimpungan secara bertahap, rebus hingga matang ditandai dengan adonan mengapung. Ulangi proses serupa pada sisa adonan. Angkat dan tiriskan./\r\nKuah: Panaskan minyak, tumis bumbu halus hingga harum. Masukkan daun salam, serai, garam, dan merica, aduk rata. Tambahkan air dan Kaldu Ayam, aduk./\r\nMasukkan susu dan santan, masak sambil diaduk hingga matang. Masukkan celimpungan ke dalam kuah, aduk./\r\nAngkat. Sajikan.'),
(28, 34, 'Adonan pempek: Aduk rata ikan tenggiri, bawang putih, Royco Kaldu Ayam, garam, dan separuh bagian air es menggunakan spatula kayu atau sendok nasi. Masukkan tepung terigu, aduk rata, tambahkan tepung sagu dan sisa air es secara bertahap sambil terus diaduk hingga merata./\r\nUleni menggunakan tangan hingga menjadi adonan yang bisa dibentuk. Sisihkan./\r\nDidihkan air dalam panci. Kecilkan api saat sudah mendidih dan tuang minyak ke dalamnya. Sisihkan./\r\nBuat adonan pempek menjadi 2 bagian untuk dijadikan pempek kapal selam, dan sisanya untuk pempek adaan serta lenjer./\r\nPempek kapal selam: Lumuri tangan dengan minyak. Ambil salah satu bagian adonan pempek. Buat menjadi 4 bagian. Ambil salah satu bagian dan bulatkan. Lubangi bagian tengahnya untuk dijadikan wadah kuning telur dengan cara menekan adonan dengan dua jari. Tuang kuning telur ke dalamnya, rapatkan dengan cara mencubit-cubit ujung adonan. Ulangi proses serupa pada sisa adonan. Sisihkan./\r\nPempek adaan dan lenjer: Bentuk sisa adonan pempek menjadi bulat seukuran bola pingpong untuk adaan dan bentuk bulat memanjang atau silinder untuk pempek lenjer./\r\nDidihkan air bersama bawang putih yang sudah dimemarkan. Celupkan pempek secara bertahap  ke dalamnya dan masak semua pempek hingga matang ditandai pempek mengampung ke permukaan. Angkat dan tiriskan. Sisihkan./\r\nKuah cuko pedas: Didihkan semua bahan kuah cuko pedas kecuali cuka dan ebi. Kecilkan api. Masak hingga meresap. Angkat. Tambahkan ebi dan cuka, aduk rata. Diamkan hingga tidak panas. Sisihkan./\r\nPanaskan minyak, goreng pempek kapal selam dan adaan secara bertahap hingga permukaannnya berubah warna. Angkat dan tiriskan./\r\nSiapkan piring saji, beri mi dan mentimun. Masukkan pempek dan sajikan bersama kuah cuko pedas.'),
(29, 35, 'Potong tahu 2 bagian membentuk segitiga. Keruk bagian tengahnya menggunakan sendok untuk diisi dengan adonan batagor. Sisihkan./\r\nAduk rata ikan tenggiri bersama tepung tapioka, bawang putih, gula pasir, dan daun bawang. Tuang air es, dan Royco Kaldu Jamur, aduk kembali hingga adonan tercampur rata. Tambahkan telur, uleni hingga rata./\r\nAmbil 1 lembar kulit pangsit, letakkan 1 sdm adonan ikan ke bagian tengahnya. Rekatkan membentuk seperti mangkuk. Ulangi proses serupa pada sisa bahan. Sisihkan./\r\nAmbil tahu, isi bagian tengahnya dengan adonan ikan. Ulangi proses serupa pada sisa bahan./\r\nPanaskan minyak, goreng batagor di atas api sedang hingga matang. Angkat dan tiriskan./\r\nBumbu kacang: Blender semua bahan hingga tercampur rata./\r\nSiapkan piring saji yang sudah diisi dengan batagor dan potongan mentimun. Tuang bumbu kacang ke atas batagor. Sajikan dengan Saus Sambal Jawara, Bango Kecap Manis, dan jeruk limau.'),
(30, 36, 'Panaskan minyak di atas api sedang. Tumis bumbu halus hingga harum. Tambahkan 1 sdt Royco Kaldu Ayam. Angkat, sisihkan./\r\nPanaskan wajan cekung. Masukkan 3 sdm beras ketan putih. Siram dengan 2 sdm air rendaman beras. Biarkan hingga setengah kering./\r\nLetakkan satu butir telur bebek di atas beras ketan yang tengah dimasak. Tambahkan 1 sdt bumbu halus dan bawang merah goreng./\r\nAduk rata telur dan bumbu di atas beras ketan, lalu tutup sesaat hingga matang. Balik wajan di atas api. Masak hingga matang. Angkat. Ulangi hingga bahan habis./\r\nHidangkan kerak telor di atas piring saji dengan bubuhan Kecap Manis dan taburan kelapa parut (serundeng) serta bawang merah goreng.'),
(31, 37, 'Panaskan minyak, tumis bumbu halus, serai, lengkuas, jahe, dan daun salam hingga harum. Masukkan daging sapi, aduk hingga berubah warna./\r\nTuang air, Kaldu Sapi, masak hingga mendidih./\r\nTambahkan Kecap Manis dan kacang tanah goreng, aduk rata. Angkat./\r\nSajikan dengan pelengkap. Dapat ditambahkan dengan bawang goreng, irisan daun bawang, dan seledri. Sajikan dengan buras/lontong.'),
(32, 38, 'Goreng cabai rawit, bawang putih dan bawang merah hingga setengah matang/\r\nUlek aksar pada cobek kemudian tambahkan garam, kaldu penyedap dan gula merah secukupnya/\r\nSiram sambal yang telah diulek dengan minyak panas secukupnya/\r\nSambal bawang siap disajikan bersama menu lainnya di rumah'),
(33, 39, 'Goreng semua bahan termasuk tomat, cabai rawit, cabai keriting, bawang merah dan bawang putih hingga layu./\r\nHaluskan bahan sambal yang telah digoreng bersama garam, penyedap masakan, gula dan air lemon. /\r\nHaluskan dengan cara diulek. Untuk tingkat kehalusan bisa menyesuaikan selera. /\r\nKoreksi rasa, tambah garam atau penyedap masakan sesuai selera hingga menemukan rasa sambal yang pas. /\r\nSajikan sambal bersama menu makanan lain.'),
(34, 40, 'Aduk rata bawang merah, bawang putih, cabai, serai, daun jeruk, Royco Kaldu Ayam, dan terasi./\r\nPanaskan minyak kelapa di atas api kecil. Angkat./\r\nTuang ke dalam campuran cabai dan bawang. Aduk sambil sedikit dilumatkan menggunakan sendok agar tercampur rata. Sajikan.'),
(35, 41, 'Buang lembaran kecombrang yang keras. Bakar sebentar bunga kecombrang hingga aromanya keluar. Iris tipis bagian kuncupnya./\r\nPanaskan minyak, tumis bumbu halus bersama daun jeruk dan tomat hingga harum. Tambahkan kecombrang, kecilkan api./\r\nMasak hingga kecombrang matang dan lunak. Tambahkan Royco Kaldu Ayam, aduk rata. Angkat./\r\nTambahkan ikan teri, aduk rata. Angkat dan sajikan.'),
(36, 42, 'Panaskan minyak, tumis bumbu halus, daun jeruk, serai, dan jahe hingga harum dan cabai tidak berbau langu atau sudah matang./\r\nMasukkan ikan cakalang, lalu kecilkan api. Masak sambil diaduk hingga sambal meresap dan matang./\r\nTambahkan Kecap Manis dan Kaldu Ayam, aduk rata./\r\nTambahkan air jeruk limau, aduk rata. Angkat dan sajikan.'),
(37, 43, 'Sambal goang: Haluskan kencur bersama garam dan bawang putih. Tambahkan cabai rawit merah, cabai rawit hijau, dan Royco Kaldu Ayam. Ulek hingga cabai hancur dan tercampur rata bersama bahan lain./\r\nKombinasi 1 – Sambal goang tempe: Panaskan minyak, goreng tempe hingga matang dan kecokelatan. Angkat. Tumbuk sambil diaduk bersama sambal goang. Sajikan./\r\nKombinasi 2 – Sambal goang terong: Panaskan minyak, goreng terong hingga matang. Angkat. Penyet menggunakan punggung sendok sambil  diaduk bersama sambal goang. Sajikan./\r\nKombinasi 3 – Sambal goang kemangi: Aduk daun kemangi bersama sambal goang. Sajikan.');

-- --------------------------------------------------------

--
-- Table structure for table `resep`
--

CREATE TABLE `resep` (
  `id` int(11) NOT NULL,
  `id_kategori` int(11) DEFAULT NULL,
  `nama` varchar(100) NOT NULL,
  `bahan` text NOT NULL,
  `gambar` varchar(255) DEFAULT NULL,
  `deskripsi_makanan` mediumtext DEFAULT NULL
) ENGINE=InnoDB DEFAULT CHARSET=utf8mb4 COLLATE=utf8mb4_general_ci;

--
-- Dumping data for table `resep`
--

INSERT INTO `resep` (`id`, `id_kategori`, `nama`, `bahan`, `gambar`, `deskripsi_makanan`) VALUES
(8, 3, 'Ayam Goreng Padang', '2 ekor ayam (@600-700 g), potong 4 bagian,7 lembar daun jeruk,3 batang serai,2 lembar daun salam,1 sdt kaldu ayam,200g lengkuas lallu parut,2 sdm tepung terigu,500ml air,5 siung bawang putih,7 butir kemiri sangrai,4 jahe,4 kunyit,1 sdm garam,1 sdm ketumbar,½ sdt merica', 'https://www.masakapahariini.com/wp-content/uploads/2018/04/resep-ayam-goreng-lengkuas-padang-500x300.png', 'Ayam Goreng Padang adalah hidangan khas Minangkabau yang terkenal dengan cita rasa gurih dan aroma rempah yang khas. Ayam dimasak dengan bumbu kuning yang kaya akan rempah seperti kunyit, lengkuas, bawang merah, bawang putih, dan daun jeruk, kemudian digoreng hingga kulitnya renyah dan berwarna keemasan. Ciri khasnya adalah taburan serundeng kelapa parut yang digoreng bersama bumbu, memberikan tekstur renyah dan rasa yang semakin kaya. Biasanya, ayam goreng ini disajikan dengan nasi putih, sambal lado, dan pelengkap seperti daun singkong rebus, menciptakan perpaduan rasa pedas, gurih, dan harum yang menggugah selera.'),
(9, 3, 'Opor Ayam', '1 ekor (700 g) ayam kampung, potong 12 bagian,\r\n4 lembar daun salam,\r\n3 lembar daun jeruk,\r\n2 batang serai lalu memarkan,\r\n2 sdm Kecap Manis,\r\n400 ml santan kental,\r\n1 sdt garam,\r\n1 sdt gula pasir,\r\n1 L air,\r\n4 sdm minyak,\r\n10 butir bawang merah,\r\n4 siung bawang putih,\r\n3 cm kunyit,\r\n2 cm lengkuas,\r\n2 cm jahe,\r\n2 cm kencur,\r\n5 butir kemiri yang di sangrai,\r\n2 sdt ketumbar,\r\n2 sdt merica putih butiran', 'https://media.istockphoto.com/id/2155484077/id/foto/opor-ayam-indonesian-traditional-chicken-curry.jpg?s=612x612&w=0&k=20&c=jjUq4jIG7X0n5LSBp554oG0te1zMftgKJ8sUkZ8Zf3M=', 'Opor Ayam Kuning adalah hidangan khas Indonesia yang terkenal dengan kuah santannya yang gurih dan kaya rempah. Ayam dimasak dalam santan bersama bumbu halus seperti kunyit, bawang merah, bawang putih, ketumbar, lengkuas, dan daun salam, yang memberikan warna kuning cerah dan aroma harum khas. Tekstur daging ayam yang empuk berpadu sempurna dengan kuah yang creamy dan berlemak, menciptakan rasa yang lembut dan memanjakan lidah. Hidangan ini sering disajikan sebagai menu spesial, terutama saat perayaan seperti Lebaran, dan biasanya dinikmati dengan lontong atau ketupat serta pelengkap seperti sambal goreng dan kerupuk.'),
(10, 3, 'Ayam Rica Rica', '700 g daging ayam, \r\n800 ml air,\r\n3 batang serai,\r\n5 lembar daun jeruk,\r\n3 cm lengkuas,\r\n3 cm jahe,\r\n1 sdt Kaldu Ayam,\r\n1 sdt air jeruk nipis,\r\n1 sdm gula merah,\r\n2 sdm Kecap Manis Pedas', 'https://www.masakapahariini.com/wp-content/uploads/2019/04/6-4-780x440.jpg', 'Ayam Rica-Rica adalah hidangan khas Manado yang terkenal dengan cita rasa pedas, segar, dan aromatik. Dimasak dengan bumbu utama cabai, bawang merah, bawang putih, jahe, serai, daun jeruk, dan perasan jeruk nipis, ayam rica-rica menawarkan kombinasi rasa pedas yang menggigit dengan sentuhan asam yang menyegarkan. Ayam yang dimasak hingga empuk dan bumbu yang meresap sempurna membuat hidangan ini semakin menggugah selera. Biasanya disajikan bersama nasi putih hangat, ayam rica-rica menjadi favorit bagi pecinta makanan pedas yang kaya rempah khas Indonesia.'),
(11, 3, 'Ayam Cabe Ijo', '1 ekor ayam potong 8 bagian dan buang kulitnya,\r\n½ sdm Kaldu Ayam,\r\n1 sdm air jeruk nipis,\r\n100 g cabai rawit hijau,\r\n10 butir bawang merah,\r\n4 siung bawang putih,\r\n½ sdt Kaldu Ayam,\r\n2 sdm minyak,\r\nMentimun,\r\nDaun kemangi', 'https://i0.wp.com/www.tokomesin.com/wp-content/uploads/2015/06/ayam-goreng-cabe-ijo-tokomesin.png?fit=580%2C383&ssl=1', 'Ayam Cabe Ijo adalah hidangan khas Indonesia yang menggabungkan daging ayam yang empuk dengan sambal cabe hijau yang segar dan pedas. Bumbu utama sambalnya terdiri dari cabe hijau, bawang merah, bawang putih, dan tomat hijau, yang diulek kasar untuk menciptakan tekstur yang khas. Proses memasaknya membuat bumbu meresap sempurna ke dalam ayam, menghasilkan rasa gurih, pedas, dan sedikit asam yang seimbang. Hidangan ini biasanya disajikan dengan nasi putih hangat, menjadikannya pilihan sempurna bagi penggemar masakan pedas dengan nuansa yang segar dan aromatik.'),
(12, 3, ' Ayam Suwir Kemangi', '450 g (2 filet) dada ayam tanpa kulit,\r\n80 g kemangi\r\n2 lembar daun salam,\r\n2 batang serai,\r\n2 cm lengkuas\r\n2 sdm santan instan,\r\n1 sdt Kaldu Ayam,\r\n750 ml air\r\n3 sdm minyak\r\n\r\n15 butir bawang merah,\r\n15 buah cabai rawit merah,\r\n3 buah buah cabai merah besar,\r\n5 butir kemiri sangrai,\r\n1 sdm ketumbar bubuk,\r\n1 sdm gula merah sisir,\r\n½ sdt garam', 'https://www.masakapahariini.com/wp-content/uploads/2023/06/ayam-suwir-kemangi-500x300.jpeg', 'Ayam Suwir Kemangi adalah hidangan sederhana namun kaya rasa yang memadukan daging ayam yang disuwir halus dengan bumbu rempah dan aroma segar daun kemangi. Ayam dimasak bersama bawang merah, bawang putih, cabai, kunyit, jahe, dan daun jeruk, lalu disuwir dan dicampur hingga bumbu meresap sempurna. Daun kemangi segar ditambahkan di akhir proses memasak, memberikan aroma wangi yang khas dan cita rasa yang menyegarkan. Hidangan ini cocok disajikan dengan nasi putih hangat, menghadirkan perpaduan rasa pedas, gurih, dan harum yang memikat selera.'),
(13, 3, 'Ayam Teriyaki', '400 g fillet daging ayam lalu potong dadu,\r\n1 buah bawang bombay dan iris tipis memanjang\r\n2 sdm saus teriyaki,\r\n2 sdm Kecap Manis,\r\n3 buah cabai rawit lalu iris tipis,\r\n1 sdt garam,\r\n2 sdm minyak untuk menumis,\r\n200 ml minyak untuk menggoreng,\r\n50 ml air,\r\n80 g tepung terigu,\r\n1 sdt garam,\r\n½ sdt merica putih bubuk', 'https://media.istockphoto.com/id/1311498370/id/foto/ayam-teriyaki-di-piring.jpg?s=612x612&w=0&k=20&c=j23MocstMometmWjBpSFJBRunOGiTukDiBN2cgVYV9E=', 'Ayam Teriyaki adalah hidangan khas Jepang yang terkenal dengan rasa manis gurih yang kaya dan tekstur ayam yang lembut. Potongan ayam dimasak hingga empuk dalam saus teriyaki yang terbuat dari campuran kecap asin, gula, dan mirin, menciptakan lapisan karamelisasi yang lezat. Kadang-kadang ditambahkan jahe dan bawang putih untuk memberikan aroma dan rasa yang lebih kompleks. Hidangan ini biasanya disajikan dengan taburan biji wijen dan irisan daun bawang, serta nasi putih hangat sebagai pelengkap, menjadikannya pilihan yang sempurna untuk hidangan sederhana namun penuh rasa.'),
(14, 2, 'Sop Daging Sapi', '500g daging sapi bagian brisket (potong kotak), 200g wortel (potong serong), 1 buah kentang (potong kotak), 2 batang seledri, 1 batang daun bawang (potong serong), ½ sdm Royco Kaldu Sapi, 3L air (untuk merebus), 2 sdm minyak (untuk menumis)', 'https://www.masakapahariini.com/wp-content/uploads/2024/04/Resep-Sop-Daging-Sapi-Bumbu-Rempah-500x300.jpg', 'Resep sop daging sapi bumbu rempah yang bakal bikin momen hangat bersama keluarga tambah seru. Sajikan bersama pelengkapnya supaya makin mantap.\r\nCoba bikin sop daging sapi bumbu rempah ini untuk masakan sehari-hari, yuk! Cita rasa kuahnya gurih sekaligus aromatik. Cocok disajikan untuk semua anggota keluarga.\r\nResep ini bisa jadi penyegar untuk kamu yang biasa memasak sop daging atau sop iga sapi dengan bumbu sederhana. Bumbu rempah sop daging ini memberi sensasi rasa dan aroma yang istimewa sekaligus menyegarkan.'),
(15, 2, 'Semur Daging Sapi', '500g daging sapi bagian sengkel (potong-potong), 2 buah kentang ukuran sedang (potong dadu), ½sdt pala bubuk, ¼sdt jintan bubuk, 2 buah tomat (potong-potong), 2 lembar daun salam, 1.5sdt garam, 5sdm Bango Kecap Manis, 1sdt Royco Kaldu Sapi, 800 ml air, 2 minyak (untuk menumis)', 'https://www.masakapahariini.com/wp-content/uploads/2018/04/semur-daging-sapi-sederhana-500x300.png', 'Sedang mencari resep olahan daging sapi? Buat pencinta rasa yang kompleks dengan gurih, manis, dan berempah, resep semur daging sapi cocok jadi ide masakan sehari-hari lezat untuk semua anggota keluarga.\r\nMengolah daging sapi enak tidaklah selalu sulit. Dengan resep semur daging sapi kecap berikut, makan malam siap sekejap untuk keluarga tercinta! '),
(16, 2, 'Sate Kambing Muda Khas Tegal', '500g daging kambing muda, potong dadu, 12 buah tusuk satai, 50g nanas (parut halus), 100g kacang tanah goreng (sangrai), 2sdm Bango Kecap Manis, 2sdm air, 10 buah cabai merah (ulek kasar), 10 butir bawang merah (iris halus), 2 buah tomat (potong kasar), 5sdm Bango Kecap Manis', 'https://www.masakapahariini.com/wp-content/uploads/2024/05/Sate-Kambing-Muda-Tegal-500x300.jpg', 'Perjalanan melewati jalur Pantura takkan lengkap bila tak menyicip sate kambing muda Tegal. Potongan daging kambing muda empuk dengan sensasi smokey-nya disajikan dengan sambal kecap yang manis dan pedas. Masakan ini memang jadi favorit pencinta daging kambing.\r\nHidangan ini adalah pilihan tepat untuk dinikmati bersama keluarga, menambah kehangatan momen spesial dengan rasa yang tak terlupakan.'),
(17, 2, 'Bakso Solo', '500g daging sapi giling, 1 butir telur ayam, 5siung bawang putih (haluskan), 100g tepung kanji, 50g es batu, ½sdt garam, ½sdm Royco Kaldu Sapi, 1sdt merica putih bubuk, 1kg balungan kaki sapi, 100g bawang putih (haluskan), 1sdt lada putih bubuk, 1sdt pala bubuk, 1sdm Royco Kaldu Sapi, 1sdm garam, 1sdm gula, 3L air', 'https://www.masakapahariini.com/wp-content/uploads/2018/04/resep_bakso_solo_MAHI-500x300.jpg', 'Siapa yang tahan dengan godaan semangkuk bakso kuah yang menggugah selera? Buat pencinta bakso daging, resep dan cara membuat bakso sapi ini wajib dicoba. Buat dalam jumlah banyak dan simpan di freezer, sehingga kamu selalu punya stok cemilan hangat untuk berbagai kesempatan.\r\n\r\nDengan bakso ini, kamu bisa dengan mudah menghadirkan hidangan lezat untuk makan malam keluarga atau tamu. Nikmati kelezatannya kapan saja tanpa perlu repot.'),
(18, 2, 'Beef Katsu', '4potong (@150-180 g) daging sapi has dalam, ½sdt garam, ¼sdt merica hitam bubuk, Minyak, 2 sdm bawang bombay cincang, 1 siung bawang putih (cincang halus), 5sdm saus tomat, 4sdm kecap inggris, 3sdm Royco Saus Tiram, 1sdm gula pasir, 5sdm air', 'https://www.masakapahariini.com/wp-content/uploads/2023/07/shutterstock_2194034587-500x300.jpg', 'Hidangan beef katsu beserta sausnya untuk cita rasa restoran Jepang di rumah. Ikuti tipsnya untuk menghasilkan daging yang sedap dan juicy. Diracik dari kecap inggris, Royco Saus Tiram, saus tomat, dan gula pasir, jenis saus ini gampang banget bikinnya. Agar lapisan tepung dan telur lebih menempel pada daging, diamkan daging yang sudah dilapisi tepung dalam kulkas selama 1 jam. Setelah matang, tiriskan daging selama beberapa menit, kemudian potong-potong sebelum disajikan.\r\nFungsinya supaya sari daging atau juice tidak keluar bersamaan ketika dipotong. Sehingga rasa dan tekstur daging jadi lebih sedap dan juicy.'),
(19, 2, 'Iga Bakar Empuk', '1500 iga sapi, 1500 ml air, 3 lembar daun salam,\r\n3 cm lengkuas,\r\n4 butir cengkih,\r\n6 lembar daun jeruk,\r\n100 ml Bango Kecap Manis,\r\n3 sdm Royco Saus Tiram,\r\n4 sdm minyak, Margarin, 10 butir bawang merah,\r\n5 siung bawang putih,\r\n5 butir kemiri,\r\n3 buah cabai merah besar,\r\n1 cm jahe, ½sdm garam, ½sdm pala bubuk, ½sdm merica putih bubuk', 'https://www.masakapahariini.com/wp-content/uploads/2023/06/Iga-bakar-empuk-500x300.jpeg', 'Penyuka masakan serba iga wajib banget cobain resep iga bakar empuk ini! Rasanya mirip seperti iga bakar yang disajikan di restoran. Supaya daging iga empuk, kamu bisa memasak daging iga dalam panci presto ataupun slow cooker.\r\nUntuk pilihan daging iga, kamu bisa menggunakan daging iga short ribs atau juga bagian back ribs yang bikin sensasi makan iga lebih puas. Bagian back ribs merupakan bagian iga yang biasa digunakan untuk konro, yaitu bertulang panjang dengan lapisan daging yang tebal.'),
(20, 1, 'Sayur Lodeh Labu', '            200 g (1 buah) labu siam lalu potong kotak,\r\n150 g tempe dan potong kotak 2 cm,\r\n6 batang kacang panjang potong 3 cm,\r\n3 buah cabai hijau besar lalu potong serong,\r\n2 lembar daun salam,\r\n2 cm lengkuas memarkan,\r\n1 sdm gula merah sisir,\r\n½ sdm Kaldu Ayam,\r\n800 ml air,\r\n2 sdm minyak untuk menumis,\r\n5 butir bawang merah,\r\n4 siung bawang putih,\r\n3 cm kunyit,\r\n½ sdt ketumbar bubuk,\r\n1 sdt garam\r\n          ', 'https://www.masakapahariini.com/wp-content/uploads/2024/02/Resep-Sayur-Lodeh-Labu-Siam-500x300.jpg', '            Sayur lodeh labu adalah hidangan khas Indonesia yang memadukan kehangatan kuah santan dengan lembutnya potongan labu kuning. Kuahnya yang gurih dan beraroma rempah dihasilkan dari perpaduan bumbu seperti bawang merah, bawang putih, lengkuas, dan daun salam, memberikan cita rasa yang kaya namun tetap ringan. Labu kuning yang dimasak hingga empuk menyatu sempurna dengan kuah santan yang kental, menciptakan harmoni rasa manis alami dan gurih. Hidangan ini sering dilengkapi dengan tambahan bahan lain seperti kacang panjang, tempe, atau tahu, menjadikannya sajian yang sehat dan bergizi. Cocok disantap dengan nasi hangat, sayur lodeh labu menghadirkan kenyamanan dalam setiap suapan.\r\n          '),
(21, 1, 'Tumis Kangkung Belacan', '            500 g kangkung,\r\n150 g udang, \r\n150 g cumi lalu iris melintang,\r\n2 sdm Saus Tiram,\r\n3 sdm minyak untuk menumis,\r\n6 butir bawang merah,\r\n3 siung bawang putih,\r\n6 buah cabai merah keriting,\r\n3buah cabai rawit merah,\r\n1 sdt terasi bakar,\r\n½ sdt garam', 'https://www.masakapahariini.com/wp-content/uploads/2021/07/kangkung-belacan-500x300.jpg', '            Tumis kangkung belacan adalah hidangan sederhana namun penuh cita rasa yang menggugah selera. Daun kangkung segar ditumis cepat dengan bawang putih, cabai, dan tentunya belacan (terasi), yang memberikan aroma khas dan rasa gurih yang mendalam. Proses memasaknya yang cepat menjaga tekstur kangkung tetap renyah sekaligus meresapkan rasa bumbu yang kuat. Kombinasi rasa pedas, gurih, dan sedikit manis membuat tumis kangkung belacan menjadi pendamping sempurna untuk nasi putih hangat. Hidangan ini tidak hanya nikmat, tetapi juga menggambarkan kekayaan kuliner nusantara yang sederhana namun memikat.\r\n          '),
(22, 1, 'Sayur Asem', '200 g daging sapi bagian sengkel atau has luar dan potong kotak 2 cm,\r\n1 buah jagung manis lalu potong 4-8 bagian,\r\n150 g nangka muda terus potong-potong rebus hingga empuk dan tiriskan,\r\n100 g labu siam potong kotak 2 setengah cm,\r\n1 buah terong ukuran sedang, potong-potong,\r\n5 buah kacang panjang dan potong 4 cm,\r\n5 sdm kacang tanah,\r\n50 g daun melinjo,\r\n2 sdm asam jawa lalu larutkan dengan 3 sdm air panas,\r\n2 sdm gula merah,\r\n2 lembar daun salam,\r\n4 cm lengkuas,\r\n½ sdm Kaldu Sapi,\r\n2 l air untuk merebus,\r\n6 butir bawang merah,\r\n4 buah cabai merah,\r\n1 sdt terasi bakar,\r\n1 sdm garam', 'https://www.masakapahariini.com/wp-content/uploads/2024/09/sayur-asem-daging-sapi-500x300.jpg', 'Sayur asem adalah hidangan berkuah khas Indonesia yang menyegarkan dan sarat rasa asam segar. Kuahnya yang bening bercita rasa asam manis didapat dari penggunaan asam Jawa atau belimbing wuluh, berpadu dengan bumbu sederhana seperti bawang merah, bawang putih, dan cabai merah. Beragam sayuran seperti labu siam, jagung manis, kacang panjang, melinjo, dan daun melinjo, menciptakan tekstur yang beragam dan kaya gizi. Kadang-kadang, potongan nangka muda atau kacang tanah juga ditambahkan untuk memberikan dimensi rasa yang lebih kompleks. Sayur asem sangat cocok disajikan sebagai pendamping nasi hangat, ikan goreng, dan sambal, memberikan sensasi segar yang memanjakan lidah.'),
(23, 1, 'Capcay Sayur ', '4 siung bawang putih memarkan,\r\n50 g bawang bombay potong dadu,\r\n6 buah bakso sapi, \r\n150 g wortel dan iris tipis,\r\n150 g kol putih potong kecil seukuran gigitan,\r\n150 g brokoli petik kuntumnya,\r\n50 g kapri siangi,\r\n100 g jamur kancing belah dua,\r\n150 g sawi putih potong dadu,\r\n2 sdm Saus Tiram,\r\n½ sdm Kaldu Ayam,\r\n1 sdt tepung jagung larutkan,\r\n1 sdm saus tiram,\r\n2 sdt lada putih bubuk,\r\n1 sdt gula pasir,\r\n200 ml air,\r\n2 sdt minyak zaitun,\r\n3 sdm minyak sayur', 'https://www.masakapahariini.com/wp-content/uploads/2020/10/cap-cay_edited-500x300.jpg', 'Capcay adalah hidangan tumis sayuran yang kaya akan warna, tekstur, dan rasa. Dalam satu piring, beragam sayuran seperti wortel, brokoli, kembang kol, sawi, jagung muda, dan jamur dipadukan dengan saus gurih berbumbu bawang putih, jahe, dan kecap asin. Biasanya, capcay juga dilengkapi dengan tambahan protein seperti ayam, udang, bakso, atau tahu, menjadikannya sajian yang seimbang dan bergizi. Kuahnya bisa dibuat kental atau sedikit berair, sesuai selera, dengan rasa yang ringan namun memikat. Hidangan ini tidak hanya lezat, tetapi juga menonjolkan keindahan perpaduan sayuran segar, menjadikannya pilihan favorit untuk makanan keluarga maupun acara khusus.'),
(24, 1, 'Pakcoy Bawang Putih', '500 g pakcoy. buang bonggolnya lalu potong 2 bagian,\r\n80 g jamur hioko (iris) atau shimeji,\r\n5 siung bawang putih dan cincang,\r\n2 sdm Saus Tiram,\r\n2 sdm minyak untuk menumis', 'https://www.masakapahariini.com/wp-content/uploads/2023/10/Resep-Pakcoy-Bawang-Putih-A-la-Restoran-500x300.jpg', 'Pakcoy bawang putih adalah hidangan tumis sederhana yang menonjolkan kesegaran dan rasa alami sayuran pakcoy. Daun pakcoy yang hijau segar ditumis cepat dengan bawang putih cincang, yang memberikan aroma harum dan rasa gurih yang khas. Dengan sedikit tambahan saus tiram, kecap asin, atau kaldu, tumisan ini menghasilkan cita rasa yang ringan namun menggugah selera. Tekstur pakcoy yang renyah berpadu sempurna dengan bumbu yang meresap, menjadikannya sajian pendamping yang sempurna untuk berbagai hidangan utama. Kesederhanaan penyajiannya membuat pakcoy bawang putih menjadi favorit di meja makan, baik untuk menu sehari-hari maupun acara istimewa.'),
(25, 1, 'Tumis Toge Tahu', '4 buah tahu putih. potong 4-6 bagian1 buah wortel potong korek api,\r\n200 g taoge siangi,\r\n4 siung bawang putih dan iris,\r\n2 buah cabai merah keriting lalu iris serong,\r\n2 sdm Saus Tiram,\r\n2 sdm minyak untuk menumis menggoreng', 'https://www.masakapahariini.com/wp-content/uploads/2023/11/Resep-Tumis-Toge-Tahu-Bumbu-Sederhana-500x300.jpg', 'Tumis taoge tahu adalah hidangan sederhana yang memadukan kelembutan potongan tahu dengan renyahnya taoge segar. Dalam tumisan ini, bawang putih dan bawang merah menjadi bumbu utama yang memberikan aroma harum dan rasa gurih alami. Potongan tahu yang digoreng hingga kecokelatan menyerap bumbu dengan sempurna, sementara taoge yang ditumis cepat tetap mempertahankan kerenyahannya. Sedikit tambahan kecap asin atau saus tiram memberikan rasa yang lebih mendalam. Hidangan ini cocok disajikan sebagai pelengkap nasi hangat, menawarkan kombinasi rasa dan tekstur yang ringan namun memuaskan.'),
(26, 4, 'kan Kembung Goreng', '6 ekor ikan kembung ukuran sedang,\r\n2 sdm air jeruk nipis,\r\n2 butir telur ayam lalu kocok,\r\n100 g kelapa muda dan parut kasar\r\n1 sdt Kaldu Ayam,\r\n½ sdt gula pasir,\r\n1 butir telur ayam,\r\n2 buah cabai merah keriting,\r\n4 siung bawang merah,\r\n2 siung bawang putih,\r\n2 butir kemiri dan sangrai,\r\n½ sdt ketumbar', 'https://www.masakapahariini.com/wp-content/uploads/2019/03/ikan-kembung-goreng-isi-500x300.jpg', 'Ikan goreng kembung isi adalah sajian khas yang memadukan rasa gurih ikan kembung dengan isian bumbu yang kaya rasa. Ikan kembung segar dibersihkan, kemudian diisi dengan campuran bumbu halus seperti bawang merah, bawang putih, cabai, kemiri, kunyit, dan sedikit daun jeruk untuk memberikan aroma yang khas. Setelah itu, ikan digoreng hingga kulitnya garing dan berwarna keemasan, sementara isiannya memberikan kejutan rasa di setiap gigitan. Hidangan ini tidak hanya lezat, tetapi juga aromatik, cocok disajikan dengan nasi hangat, sambal, dan lalapan untuk santapan yang memuaskan.'),
(27, 4, 'Ikan Asam Manis', '1 kg ikan kakap merah potong 4 bagian,  \r\n1 sdm garam,  \r\n2 buah jeruk nipis,  \r\n2 batang serai,  \r\n3 cm lengkuas memarkan,  \r\n2 lembar daun jeruk buang tulang iris memanjang, \r\n10 buah belimbing sayur iris,  \r\n2 sdm Kecap Manis,  \r\n1 sdt Kaldu Ayam,  \r\n350 ml air,  \r\n2 sdm minyak untuk menumis,  \r\n10 butir merica putih,  \r\n4 butir bawang merah,  \r\n4 siung bawang putih,  \r\n4 buah cabai merah besar,  \r\n3 butir kemiri, \r\n2 cm kunyit kupas kulit,  \r\n1 cm jahe kupas kulit,  \r\n½ sdt garam,  ', 'https://www.masakapahariini.com/wp-content/uploads/2019/12/ikan-asam-manis-7-780x440.jpg', 'Ikan asam manis adalah hidangan lezat yang menghadirkan perpaduan sempurna antara rasa asam segar dan manis gurih. Ikan segar seperti kakap, gurame, atau nila digoreng hingga kulitnya renyah, lalu disiram dengan saus khas yang terbuat dari campuran saus tomat, bawang putih, bawang bombay, dan sedikit cuka. Potongan nanas, paprika, atau wortel sering ditambahkan untuk memberikan tekstur dan warna yang menarik. Sausnya yang kental meresap sempurna ke dalam daging ikan, menciptakan rasa yang harmonis di setiap gigitan. Hidangan ini sangat cocok disajikan dengan nasi hangat untuk melengkapi kelezatannya.'),
(28, 4, 'Ikan Patin Goreng Balado', '500 g ikan patin,\r\n4 siung bawang putih haluskan,  \r\n½ sdm ketumbar,  \r\n1 buah jeruk nipis peras airnya,  \r\n½ sdt garam,  \r\nMinyak untuk menggoreng,  \r\n8 siung bawang merah iris,  \r\n10 buah cabai merah keriting rebus,  \r\n5 buah cabai rawit merah,  \r\n1 siung bawang putih,  \r\n4 lembar daun jeruk,  \r\n½ sdt Kaldu Ayam, \r\n4 sdm minyak untuk menumis  ', 'https://www.masakapahariini.com/wp-content/uploads/2024/06/Resep-Ikan-Patin-Balado-500x300.jpg', 'Ikan goreng patin balado adalah hidangan yang menggugah selera dengan kombinasi ikan patin goreng garing dan sambal balado yang pedas serta kaya rasa. Ikan patin dibersihkan, kemudian digoreng hingga kecokelatan dan renyah di luar, namun tetap lembut di dalam. Sambal balado yang terbuat dari cabai merah, bawang merah, bawang putih, dan tomat dihaluskan dan ditumis hingga matang, menciptakan rasa pedas, asam, dan gurih yang khas. Ikan yang sudah digoreng kemudian dilumuri dengan sambal balado yang meresap sempurna, memberikan cita rasa yang nikmat dan menggoda. Hidangan ini sangat cocok disajikan dengan nasi putih hangat, menjadikannya menu yang penuh rasa dan memuaskan.'),
(29, 4, 'Resep Tongkol Balado Hijau', '            1 ekor (600-700) g tongkol potong 5 bagian,  \r\n1 sdm air perasan jeruk nipis,  \r\n½ sdt garam,  \r\n2 100 g cabai hijau keriting,  \r\n100 g cabai rawit hijau,  \r\n5 buah tomat hijau,  \r\n150 g bawang merah,  \r\n4 siung bawang putih,  \r\nbatang serai memarkan,  \r\n6 lembar daun jeruk buang tulang daunnya,  \r\n1 sdt Royco Kaldu Jamur,  \r\nMinyak untuk menggoreng  \r\n          ', 'https://www.masakapahariini.com/wp-content/uploads/2024/06/Resep-Tongkol-Balado-Hijau--500x300.jpg', '            Tongkol balado hijau adalah hidangan ikan yang menggugah selera dengan rasa pedas dan segar. Ikan tongkol yang dipotong dan digoreng garing, kemudian disiram dengan sambal balado hijau yang terbuat dari cabai hijau keriting, cabai rawit hijau, tomat hijau, bawang merah, bawang putih, dan serai yang ditumis hingga harum. Daun jeruk memberikan aroma khas yang semakin memperkaya rasa sambal. Perpaduan rasa pedas, asam, dan gurih dari sambal hijau meresap sempurna ke dalam ikan tongkol yang lembut, menciptakan cita rasa yang lezat dan menggoda. Hidangan ini cocok disajikan dengan nasi hangat untuk pengalaman makan yang memuaskan.\r\n          '),
(30, 4, 'Pepes Ikan Nila Bumbu Kuning', '                        2 ekor (650-800 g) ikan nila siangi,  \r\n80 g daun kemangi petiki daunnya,  \r\n10 buah cabai rawit merah utuh,  \r\n2 10 siung bawang merah,  \r\n6 buah cabai merah besar,  \r\n4 siung bawang putih,  \r\n3 cm kunyit bakar,  \r\n3 butir kemiri sangrai,  \r\n2 cm jahe,  \r\nbuah jeruk nipis ambil airnya,  \r\n3 cm lengkuas memarkan,  \r\n2 batang serai ambil bagian putihnya memarkan,  \r\n2 lembar daun jeruk buang tulang daunnya,  \r\n2 lembar daun salam,  \r\n2 sdm santan instan,  \r\n½ sdm asam jawa larutkan dengan 2 sdm air panas,  \r\n½ sdm Kaldu Ayam,  \r\n2 sdm Kecap Manis Light,  \r\n3 sdm minyak untuk menumis,  \r\nDaun pisang untuk membungkus  \r\n          \r\n          ', 'https://www.masakapahariini.com/wp-content/uploads/2023/11/Resep-Pepes-Ikan-Nila-Bumbu-Kuning-500x300.jpg', '                        Pepes ikan nila bumbu kuning adalah hidangan ikan yang dibumbui dengan bumbu kunir (kunyit) yang kaya rasa dan aroma, lalu dibungkus dalam daun pisang dan dikukus atau dibakar hingga matang sempurna. Ikan nila yang segar dibersihkan dan diberi bumbu halus yang terdiri dari kunyit, bawang merah, bawang putih, cabai, kemiri, dan rempah-rempah lainnya, sehingga memberikan rasa gurih, pedas, dan sedikit manis. Daun pisang yang digunakan sebagai pembungkus memberikan aroma khas yang semakin menambah kelezatan hidangan ini. Pepes ikan nila bumbu kuning cocok disantap dengan nasi putih hangat, memberikan kombinasi rasa yang menggugah selera.\r\n          \r\n          '),
(31, 4, 'Cumi Saus Tiram', '                        500 g cumi segar siangi iris melintang,  \r\n4 buah cabai merah besar iris serong,  \r\n2 sdm Royco Saus Tiram,  \r\n6 siung bawang putih,\r\n4 butir bawang merah,  \r\n2 cm jahe,  \r\n2 sdm saus tomat,  \r\n1 sdm Bango Kecap Manis,  \r\n½ sdt garam,  \r\n1 buah bawang bombay potong kotak,  \r\n½ sdm tepung maizena larutkan dengan 2 sdm air,  \r\n3 sdm margarin\r\n          \r\n          ', 'https://www.masakapahariini.com/wp-content/uploads/2020/11/cumi-saus-padang.jpg', '                        Cumi saus tiram adalah hidangan yang memadukan kelezatan cumi segar dengan saus tiram yang gurih dan kaya rasa. Cumi yang telah dibersihkan dan dipotong melintang ditumis bersama bawang putih, bawang merah, dan jahe, yang memberikan aroma harum. Kemudian, saus tiram, kecap manis, dan sedikit saus tomat ditambahkan untuk memberikan rasa yang umami dan sedikit manis. Hidangan ini sering kali dilengkapi dengan cabai merah dan bawang bombay untuk memberi warna dan rasa yang lebih beragam. Cumi saus tiram disajikan dengan nasi hangat, menjadikannya sajian yang sempurna dengan rasa yang menggugah selera.\r\n          \r\n          '),
(32, 5, 'Gudeg Nangka', '850 g nangka kupas potong 3 dadu cm,  \r\n1 L air kelapa tua,  \r\n4 butir telur ayam rebus,  \r\n1200 7 butir bawang merah,  \r\n5 siung bawang putih,  \r\n3 butir kemiri,  \r\n2 sdm asam jawa larutkan dengan 3 sdm air hangat,  \r\n1 sdm ketumbar bubuk,  \r\n2 sdm gula merah,  \r\n1 sdt terasi,  \r\n1 sdt garam,  \r\nml air 200 ml,  \r\nBango Kecap Manis 4 lembar daun salam,  \r\n3 cm lengkuas memarkan,  \r\n130 ml santan instan', 'https://www.masakapahariini.com/wp-content/uploads/2021/08/Gudeg-Yogyakarta-500x300.jpg', 'Gudeg nangka adalah hidangan khas Yogyakarta yang terbuat dari nangka muda (gori) yang dimasak dengan santan, bumbu rempah, dan gula merah dalam waktu yang lama hingga empuk dan meresap. Proses memasaknya yang lama membuat nangka muda menjadi lembut dan menyerap rasa manis, gurih, serta sedikit pedas dari bumbu seperti bawang merah, bawang putih, kemiri, ketumbar, terasi, dan daun salam. Gudeg biasanya disajikan dengan nasi hangat, lauk seperti ayam goreng, telur pindang, serta sambal krecek sebagai pelengkap. Hidangan ini memiliki rasa yang kaya dan menjadi salah satu makanan ikonik yang menggambarkan kekayaan kuliner Indonesia.'),
(33, 5, 'Celimpungan', '            350 g fillet ikan tenggiri giling halus,  \r\n2 butir telur ayam,  \r\n5 sdm air,  \r\n½ sdt garam,  \r\n1 sdt Kaldu Ayam,  \r\n175 g tepung tapioka,  \r\n350 ml santan kental,  \r\n500 ml susu rendah lemak,  \r\n500 ml air,  \r\n1 sdt garam,  \r\n1 sdt merica bubuk,  \r\n2 lembar daun salam,  \r\n1 batang serai,  \r\n1 sdm Kaldu Ayam,  \r\n2 sdm minyak goreng untuk menumis,  \r\n5 butir bawang merah,  \r\n5 siung bawang putih,  \r\n1 cm kunyit,  \r\n1 cm jahe,  \r\n1 cm lengkuas,  \r\n1 butir kemiri sangrai,  \r\n1 sdt ketumbar\r\n          ', 'https://www.masakapahariini.com/wp-content/uploads/2019/05/CELIMPUNGAN-PALEMBANG-780x440.jpg', '            Celimpungan adalah hidangan khas Palembang yang terbuat dari ikan yang digiling halus, dicampur dengan tepung sagu atau tepung tapioka, dan dibentuk bulat kecil seperti bakso. Celimpungan biasanya disajikan dengan kuah kaldu yang gurih dan kaya rasa, yang terbuat dari bumbu rempah seperti bawang merah, bawang putih, kunyit, jahe, daun salam, dan serai. Kadang-kadang, kuahnya diberi tambahan santan atau susu untuk memberikan rasa lebih kaya. Hidangan ini sering disajikan dengan nasi putih, sambal, dan pelengkap lainnya seperti telur atau sayuran. Celimpungan memiliki tekstur kenyal dan rasa gurih yang lezat, menjadikannya favorit di kalangan pecinta kuliner Indonesia.\r\n          '),
(34, 5, 'Pempek', '500 g daging ikan tenggiri giling,  \r\n250 g tepung sagu,  \r\n4 kuning telur,  \r\n2 sdm tepung terigu,  \r\n200 ml air es,  \r\n3 siung bawang putih haluskan,  \r\n1 sdt Royco Kaldu Ayam,  \r\n1 sdt garam,  \r\n3 siung bawang putih memarkan,  \r\nAir untuk merebus,  \r\nMinyak untuk menggoreng dan merebus pempek,  \r\n700 g gula merah iris halus,  \r\n200 g cabai rawit hijau haluskan,  \r\n100 g asam jawa,  \r\n10 siung bawang putih,  \r\n4 sdm Bango Kecap Manis,  \r\n2 sdt garam,  \r\n4 sdm gula pasir,  \r\n2 l air,  \r\n6 sdm cuka,  \r\n4 sdm ebi rendam air panas haluskan', 'https://www.masakapahariini.com/wp-content/uploads/2023/06/pempek-palembang-500x300.jpeg', 'Pempek adalah makanan khas Palembang yang terbuat dari adonan ikan giling dan tepung sagu, yang dibentuk menjadi berbagai bentuk seperti bulat, lenjer, atau kapal selam, lalu direbus dan digoreng hingga berwarna keemasan. Pempek biasanya disajikan dengan kuah cuko, yaitu saus asam pedas yang terbuat dari air, cuka, gula merah, cabai, dan ebi (udang kering), yang memberikan rasa manis, pedas, dan sedikit asam. Variasi pempek, seperti pempek kapal selam yang diisi telur rebus di dalamnya, menjadi favorit banyak orang. Hidangan ini sangat populer di Indonesia, terutama sebagai makanan ringan atau hidangan utama yang lezat.'),
(35, 5, 'Batagor', '300 g daging ikan tenggiri filet haluskan,  \r\n60 g tepung tapioka,  \r\n5 siung bawang putih haluskan,  \r\n1 sdt Kaldu Jamur,  \r\n1 sdt gula pasir,  \r\n2 batang daun bawang iris halus,  \r\n150 ml air es,  \r\n1 butir telur ayam,  \r\n9 lembar kulit pangsit,  \r\n6 buah tahu putih,  \r\n5 buah cabai rawit merah,  \r\n2 siung bawang putih goreng,  \r\n½ sdt Kaldu Jamur,  \r\n40 g gula merah sisir,  \r\n150 g kacang tanah goreng,  \r\n4 sdm air,  \r\n6 sdm minyak', 'https://www.masakapahariini.com/wp-content/uploads/2020/11/batagor-bandung-disajikan-780x440.jpg', 'Batagor (bakso tahu goreng) adalah makanan khas Bandung yang terbuat dari adonan ikan yang dicampur dengan tepung tapioka dan bumbu, kemudian diisi ke dalam tahu atau pangsit, digoreng hingga garing, dan disajikan dengan saus kacang yang gurih. Tahu yang digunakan dalam batagor biasanya dipotong-potong dan diisi dengan adonan ikan tenggiri yang sudah dibumbui, lalu digoreng sampai berwarna kecoklatan. Biasanya, batagor disajikan dengan kuah kacang yang kental, yang terbuat dari kacang tanah, gula merah, cabai, bawang putih, dan sedikit cuka, memberikan rasa manis, pedas, dan gurih. Batagor adalah camilan yang populer dan nikmat, cocok disajikan sebagai hidangan ringan atau sebagai makanan pendamping.'),
(36, 5, 'Kerak Telor', '100 g beras ketan putih rendam semalaman,  \r\n250 ml air,  \r\n6 butir telur bebek,  \r\n30 buah cabai merah keriting,  \r\n3 cm kencur,  \r\n1 cm jahe,  \r\n½ sdt merica putih bubuk,  \r\n150 g kelapa parut kasar sangrai,  \r\n1 sdm bawang merah goreng,  \r\n1 sdm Kecap Manis,  \r\n1 sdt Kaldu Ayam,  \r\n2 sdm minyak sayur', 'https://www.masakapahariini.com/wp-content/uploads/2018/09/kerak-telor-MAHI-1-780x440.jpg', 'Kerak Telor adalah makanan khas Betawi yang terbuat dari beras ketan putih, telur, dan rempah-rempah, dimasak di atas wajan panas hingga terbentuk lapisan kerak di bagian bawahnya. Biasanya, kerak telor disajikan dengan kelapa parut kasar, bawang merah goreng, dan taburan serundeng, serta sedikit kecap manis. Rasanya gurih, sedikit pedas, dan memiliki tekstur yang kenyal dan renyah di bagian keraknya. Kerak telor umumnya dijual oleh pedagang kaki lima dan sering dijadikan camilan atau jajanan pasar, terutama saat perayaan atau festival tertentu di Jakarta. Makanan ini memiliki cita rasa yang khas, menggambarkan kekayaan kuliner tradisional Jakarta.'),
(37, 5, 'Coto Makassar', '\r\n500 g daging sapi has dalam potong dadu,\r\n2 batang serai,\r\n1 cm lengkuas,\r\n1 cm jahe,\r\n3 lembar daun salam,\r\n200 g kacang tanah goreng tanpa kulit haluskan,\r\n2 L air,\r\n1.5 sdm Royco Kaldu Sapi,\r\n2 sdm Bango Kecap Manis,\r\n3 sdm minyak,\r\n10 buah cabai merah keriting,\r\n100 g taoco,\r\n8 siung bawang putih,\r\n6 butir kemiri sangrai,\r\n1 sdm ketumbar sangrai,\r\n1 sdm gula merah', 'https://www.masakapahariini.com/wp-content/uploads/2019/02/coto-makassar-1-780x440.jpg', 'Coto Makassar adalah sup khas Sulawesi Selatan yang terbuat dari potongan daging sapi yang dimasak dengan kuah kaya rempah. Kuahnya berasal dari perpaduan kaldu daging, kacang tanah goreng yang dihaluskan, serta bumbu seperti taoco, lengkuas, jahe, dan serai, menciptakan rasa gurih yang khas. Hidangan ini biasanya disajikan dengan lontong atau buras, lalu dilengkapi taburan bawang merah goreng, seledri, dan daun bawang untuk menambah aroma dan tekstur. Coto Makassar memiliki rasa yang dalam dan kompleks, menjadikannya salah satu kuliner tradisional Indonesia yang paling digemari.'),
(38, 6, 'Sambal Bawang', '15 buah cabai rawit,  \r\n2 siung bawang putih,  \r\n3 siung bawang merah,  \r\ngaram secukupnya,  \r\nkaldu penyedap secukupnya jika suka,  \r\ngula merah secukupnya kira-kira setengah sendok teh', 'https://storage.googleapis.com/bakingworld-web-production/uploads/media/content_banner/shutterstock_1977900539-1693325844536.jpg', 'Sambal Bawang adalah sambal sederhana khas Indonesia yang terkenal dengan rasa pedasnya yang tajam dan aroma bawang yang menggugah selera. Terbuat dari cabai rawit, bawang putih, dan bawang merah yang dihaluskan bersama garam, gula merah, dan kaldu penyedap (opsional), lalu ditumis dengan sedikit minyak panas hingga harum. Sambal ini cocok disajikan sebagai pelengkap berbagai hidangan, seperti ayam goreng, ikan bakar, tempe, atau tahu goreng, memberikan sensasi pedas yang menggigit dan membuat makan semakin nikmat.'),
(39, 6, 'Sambal Tomat', '2 buah tomat segar,  \r\n10 buah cabai rawit,  \r\n5 buah cabai keriting,  \r\n3 siung bawang merah,  \r\n2 siung bawang putih,  \r\n1 sdt garam,  \r\n¼ sdt penyedap masakan,  \r\nsejumput gula,  \r\n1 sdt air jeruk lemon', 'https://www.masakapahariini.com/wp-content/uploads/2023/03/resep-sambal-tomat.jpg', 'Sambal Tomat adalah sambal khas Indonesia yang memiliki rasa pedas, segar, dan sedikit manis. Terbuat dari tomat segar, cabai rawit, cabai keriting, bawang merah, dan bawang putih yang dihaluskan bersama garam, gula, dan penyedap masakan, lalu ditumis hingga matang. Tambahan air jeruk lemon memberikan aroma segar yang khas pada sambal ini. Sambal tomat cocok dijadikan pelengkap untuk berbagai hidangan seperti ayam goreng, ikan bakar, tahu, atau tempe, menambah kelezatan dan kenikmatan dalam setiap suapan.'),
(40, 6, 'Sambal Matah', '100 ml minyak kelapa,  \r\n12 buah cabai rawit merah iris tipis,  \r\n10 butir bawang merah iris tipis,  \r\n3 siung bawang putih iris tipis,  \r\n1 batang serai ambil bagian putihnya cincang halus,  \r\n3 lembar daun jeruk buang tulang daunnya iris tipis,  \r\n½ sdt Kaldu Ayam,  \r\n1 sdt terasi bakar', 'https://www.masakapahariini.com/wp-content/uploads/2023/10/Resep-Sambal-Matah-Khas-Bali-500x300.jpg', 'Sambal Matah adalah sambal khas Bali yang dikenal dengan cita rasa segarnya. Terbuat dari bahan-bahan segar seperti cabai rawit merah, bawang merah, bawang putih, serai, daun jeruk, dan terasi bakar yang diiris halus. Semua bahan ini kemudian dicampur dan disiram dengan minyak kelapa panas untuk mengeluarkan aromanya. Sambal matah biasanya diberi sedikit garam dan kaldu penyedap untuk memperkaya rasa. Sambal ini menjadi pelengkap yang sempurna untuk hidangan seperti ayam betutu, ikan bakar, atau nasi campur, memberikan sensasi pedas, harum, dan menyegarkan dalam setiap gigitan.'),
(41, 6, 'Sambal Kecombrang Ikan Teri', '100 g ikan teri medan goreng,  \r\n1 buah bunga kecombrang,  \r\n6 lembar daun jeruk buang tulang daunnya,  \r\n15 butir bawang merah,  \r\n12 buah cabai rawit merah,  \r\n8 buah cabai merah keriting,  \r\n1 buah tomat cincang,  \r\n1 sdt Kaldu Ayam,  \r\n6 sdm minyak', 'https://www.masakapahariini.com/wp-content/uploads/2023/08/shutterstock_2269664969-500x300.jpg', 'Sambal Kecombrang adalah sambal khas Indonesia yang menggunakan bunga kecombrang sebagai bahan utama, memberikan rasa segar dan aroma khas yang unik. Terbuat dari ikan teri goreng, bawang merah, cabai rawit merah, cabai merah keriting, tomat cincang, dan daun jeruk, sambal ini kemudian diberi kaldu ayam dan minyak untuk menambah cita rasa. Semua bahan tersebut dihaluskan atau dicincang kasar, lalu disajikan dengan rasa pedas, gurih, dan harum. Sambal kecombrang cocok sebagai pelengkap untuk berbagai hidangan seperti ikan bakar, ayam goreng, atau nasi putih hangat.'),
(42, 6, 'Sambal Cakalang', '250 g cakalang suwir,  \r\n10 lembar daun jeruk buang tulang daunnya,  \r\n3 batang serai memarkan, potong-potong,  \r\n100 g cabai rawit merah,  \r\n100 g bawang merah,  \r\n10 buah cabai merah keriting,  \r\n7 siung bawang putih,  \r\n½ sdm terasi bakar,  \r\n½ sdt garam,  \r\n1 cm jahe memarkan,  \r\n1 sdm Kecap Manis,  \r\n2 buah jeruk limau ambil airnya,  \r\n5 sdm minyak untuk menumis ', 'https://www.masakapahariini.com/wp-content/uploads/2023/08/shutterstock_2278179115-500x300.jpg', '**Sambal Cakalang** adalah sambal khas Indonesia yang menggunakan ikan cakalang suwir sebagai bahan utama, memberikan rasa gurih yang khas. Cakalang suwir dicampur dengan bumbu-bumbu seperti cabai rawit merah, cabai merah keriting, bawang merah, bawang putih, terasi bakar, dan serai yang memberi rasa pedas dan aroma harum. Daun jeruk dan jeruk limau memberikan sentuhan segar, sementara Bango Kecap Manis menambah rasa manis dan kaya. Sambal ini dimasak dengan minyak panas untuk menyatukan rasa, dan cocok sebagai pelengkap nasi hangat, ikan bakar, atau lauk pauk lainnya.'),
(43, 6, 'Sambal Goang', '            8 buah cabai rawit merah,  \r\n12 buah cabai rawit hijau,  \r\n5 siung bawang putih,  \r\n5 cm kencur,  \r\n1 sdt garam,  \r\n1 sdt Kaldu Ayam,  \r\n½ sdt gula pasir,\r\n150 g tempe potong kotak setebal 2 cm\r\nMinyak untuk menggoreng,\r\n1 buah terong belah 2 memanjang dan potong 5 cm\r\nMinyak untuk menggoreng,\r\n30 g daun kemangi\r\n          ', 'https://www.masakapahariini.com/wp-content/uploads/2023/01/sambal-goang-terong-500x300.jpg', '            Sambal Goang adalah sambal khas Indonesia yang memiliki rasa pedas dan segar. Terbuat dari campuran cabai rawit merah dan hijau, bawang putih, kencur, garam, kaldu ayam, dan gula pasir, sambal ini menawarkan rasa pedas yang menggigit dengan sentuhan segar dari kencur. Sambal Goang biasanya disajikan dengan hidangan nasi, ikan, atau ayam goreng untuk menambah cita rasa dan memberikan sensasi pedas yang menyegarkan. Sambal ini sangat cocok bagi penggemar sambal pedas yang kaya akan rasa alami dari bahan-bahan tradisional.\r\n          ');

--
-- Indexes for dumped tables
--

--
-- Indexes for table `kategori`
--
ALTER TABLE `kategori`
  ADD PRIMARY KEY (`id`),
  ADD UNIQUE KEY `nama_kategori` (`nama_kategori`);

--
-- Indexes for table `langkah`
--
ALTER TABLE `langkah`
  ADD PRIMARY KEY (`id`),
  ADD KEY `id_resep` (`id_resep`);

--
-- Indexes for table `resep`
--
ALTER TABLE `resep`
  ADD PRIMARY KEY (`id`),
  ADD KEY `id_kategori` (`id_kategori`);

--
-- AUTO_INCREMENT for dumped tables
--

--
-- AUTO_INCREMENT for table `kategori`
--
ALTER TABLE `kategori`
  MODIFY `id` int(11) NOT NULL AUTO_INCREMENT, AUTO_INCREMENT=7;

--
-- AUTO_INCREMENT for table `langkah`
--
ALTER TABLE `langkah`
  MODIFY `id` int(11) NOT NULL AUTO_INCREMENT, AUTO_INCREMENT=38;

--
-- AUTO_INCREMENT for table `resep`
--
ALTER TABLE `resep`
  MODIFY `id` int(11) NOT NULL AUTO_INCREMENT, AUTO_INCREMENT=45;

--
-- Constraints for dumped tables
--

--
-- Constraints for table `langkah`
--
ALTER TABLE `langkah`
  ADD CONSTRAINT `langkah_ibfk_1` FOREIGN KEY (`id_resep`) REFERENCES `resep` (`id`) ON DELETE CASCADE;
COMMIT;

/*!40101 SET CHARACTER_SET_CLIENT=@OLD_CHARACTER_SET_CLIENT */;
/*!40101 SET CHARACTER_SET_RESULTS=@OLD_CHARACTER_SET_RESULTS */;
/*!40101 SET COLLATION_CONNECTION=@OLD_COLLATION_CONNECTION */;
